{
  "timestamp": "2026-01-20T10:26:59.334Z",
  "nodeVersion": "v20.19.4",
  "platform": "linux",
  "architecture": "x64",
  "benchmarks": [
    {
      "name": "Array.push 10k items",
      "times": [
        0.2098270000001321,
        0.10549100000002909,
        0.10067099999992024
      ],
      "average": 0.13866300000002715,
      "median": 0.10549100000002909,
      "min": 0.10067099999992024,
      "max": 0.2098270000001321,
      "standardDeviation": 0.050359006291569246,
      "opsPerSecond": 7211.729156298394,
      "memoryUsedMB": 0.244384765625
    },
    {
      "name": "String concatenation 1k chars",
      "times": [
        0.11409320000000207,
        0.029429800000002615,
        0.036430399999994735
      ],
      "average": 0.05998446666666648,
      "median": 0.036430399999994735,
      "min": 0.029429800000002615,
      "max": 0.11409320000000207,
      "standardDeviation": 0.03836724616382651,
      "opsPerSecond": 16670.982598828414,
      "memoryUsedMB": 0.30847930908203125
    },
    {
      "name": "Object property access",
      "times": [
        3.1994700000000194,
        4.46247900000003,
        9.41596800000002
      ],
      "average": 5.692639000000024,
      "median": 4.46247900000003,
      "min": 3.1994700000000194,
      "max": 9.41596800000002,
      "standardDeviation": 2.682807244312195,
      "opsPerSecond": 175.6654514716278,
      "memoryUsedMB": 0.6350682576497396
    }
  ]
}