Benchmark,Average(ms),Median(ms),Min(ms),Max(ms),StdDev(ms),Ops/sec,Memory(MB)
"Array.push 10k items",0.13866300000002715,0.10549100000002909,0.10067099999992024,0.2098270000001321,0.050359006291569246,7211.729156298394,0.244384765625
"String concatenation 1k chars",0.05998446666666648,0.036430399999994735,0.029429800000002615,0.11409320000000207,0.03836724616382651,16670.982598828414,0.30847930908203125
"Object property access",5.692639000000024,4.46247900000003,3.1994700000000194,9.41596800000002,2.682807244312195,175.6654514716278,0.6350682576497396
